<?xml version="1.0" encoding="UTF-8" standalone="yes"?>
<addon id="repository.globus-addons" name="Repo Globus Addons" version="1.0.0" provider-name="raven">
	<extension point="xbmc.addon.repository" name="raven">
		<info compressed="true">https://github.com/javathon/repo/master/addons.xml</info>
		<checksum>https://github.com/javathon/repo/master/addons.xml.md5</checksum>
		<datadir zip="true">https://github.com/javathon/repo/tree/master/addons/</datadir>
	</extension>
	<extension point="xbmc.addon.metadata">
		<summary>Most of the addon have been abandoned, and Patched by someone new. Or have been Found without someone loosing them</summary>
		<description>Most of the addon have been abandoned, and Patched by someone new. Or have been Found without someone loosing them</description>
		<disclaimer></disclaimer>
		<platform>all</platform>
	</extension>
</addon>